{"cameraMode":{"drawMode":0,"name":"Shaded","section":"Shading Mode"},"sceneLighting":false,"audioPlay":false,"sceneViewState":{"m_AlwaysRefresh":false,"showFog":true,"showSkybox":false,"showFlares":true,"showImageEffects":true,"showParticleSystems":true,"showVisualEffectGraphs":true,"m_FxEnabled":true},"in2DMode":false,"pivot":{"x":-0.43926990032196047,"y":-2.3523406982421877,"z":0.02176278829574585},"rotation":{"x":-0.0005996605614200234,"y":0.9982175827026367,"z":-0.058772504329681399,"w":-0.010181121528148651},"size":0.8661796450614929,"orthographic":false}